slug,role,team_name_short,presenze_pred,presenze_pred.1,starts_pred,titolare_pred,fmv_pred,mv_pred,gf_pred,assist_pred,clean_sheet_pred,price
rasmus-hojlund,A,Napoli,27.0,27.0,20.0,1,6.66949480723948,5.997094413058052,10.734694316643584,4.91722806708181,0.0,102.3
lois-openda,A,Juventus,25.0,25.0,20.0,0,6.830514722775799,6.365802048904825,8.835989437735003,2.645171523593372,0.0,71.5
christopher-nkunku,A,Milan,25.0,25.0,21.0,0,6.793998714820059,6.196984177416692,8.331175211012038,4.081486743316221,0.0,49.1
nikola-stulic,A,Lecce,25.0,25.0,21.0,0,6.56179437963854,6.046973681789493,9.943479086965914,3.2370115296365203,0.0,40.3
jamie-vardy,A,Cremonese,14.0,14.0,10.0,0,6.775253772153879,6.225268565173021,9.411639439700158,3.817344420902499,0.0,31.0
gift-orban,A,Lyon,21.0,21.0,10.0,0,6.909015415899937,5.9777971232302285,8.52671151170704,1.1129022148659349,0.0,21.6
calvin-stengs,A,Pisa,25.0,25.0,19.0,0,6.366783129371181,5.992909565594684,5.087301264378278,2.229107996229025,0.0,21.6
adam-buksa,A,Udinese,23.0,23.0,18.0,0,6.372962372796784,5.9442319582851,4.619105912197182,1.0955096744509665,0.0,22.4
andrea-belotti,A,Cagliari,19.0,19.0,16.0,0,6.427363250418851,6.057666923658493,4.306950770095678,1.0635658331141116,0.0,17.6
walid-cheddira,A,Sassuolo,12.0,12.0,9.0,1,6.218076893627804,6.034593012730104,3.59230277607456,2.455989965093728,0.0,13.4
idrissa-gueye,A,Udinese,9.0,9.0,5.0,0,6.277616284112263,5.963533602114602,2.583939802585198,0.9947450632326564,0.0,4.2
giuseppe-ambrosino,A,Napoli,7.0,7.0,1.0,0,6.134903626809212,5.967537207535719,0.9847106280087534,0.6347585919167158,0.0,1.3
antonio-vergara,A,Napoli,3.0,3.0,0.0,0,6.0,6.0,0.3990052715856675,0.2593797600648409,0.0,1.0
faris-pemi-moumbagna,A,Cremonese,5.0,5.0,2.0,0,6.26475533795104,6.02767462323231,1.245590101995924,0.4890715540800877,0.0,1.0
adrien-rabiot,C,Milan,27.0,27.0,24.0,1,6.622003534304048,6.139027729725476,6.405320131419812,4.08265941606282,0.0,21.0
edon-zhegrova,C,Juventus,24.0,24.0,18.0,0,6.219034900082777,6.036530859968301,3.262081130684336,4.725162139658446,0.0,21.5
elif-elmas,C,Napoli,21.0,21.0,9.0,0,6.289618784106407,6.089286067564784,3.1058832837899506,1.7749036450592617,0.0,7.8
jeremy-sarmiento,C,Cremonese,20.0,20.0,18.0,0,6.371300790080201,5.902048028587831,2.794110790162572,3.432242590029144,0.0,7.1
nicolo-zaniolo,C,Udinese,16.0,16.0,10.0,0,6.198581585074269,5.922583311444755,3.810014012478175,1.1341310408502032,0.0,5.4
maxwel-cornet,C,Genoa,11.0,11.0,8.0,0,6.189573000769826,5.951485820459097,2.7972765683085465,1.706628755916916,0.0,2.0
gaetano-oristanio,C,Parma,12.0,12.0,1.0,0,6.13,6.02,2.2682865082770074,0.1377497713267412,0.0,1.0
hans-nicolussi-caviglia,C,Fiorentina,9.0,9.0,6.0,0,5.989408206582829,5.880838434619941,0.7056134413987241,0.6042622977825951,0.0,1.0
jean-onana,C,Genoa,18.0,18.0,14.0,0,5.813729061789025,5.783996203504616,0.3751574623802436,0.3472512037193226,0.0,1.0
almoatasem-al-musrati,C,Hellas Verona,16.0,16.0,12.0,0,5.962101928294941,5.842164425362573,1.358976613660539,1.1142029026638836,0.0,1.0
manuel-akanji,D,Inter,25.0,25.0,23.0,1,5.992188825479158,5.963813964609444,0.9069296322855184,0.2392349798411931,0.0,12.6
kostas-tsimikas,D,Roma,17.0,17.0,14.0,0,6.133668596674726,6.023243146157816,0.1499846222550561,1.725779050267657,0.0,8.4
tariq-lamptey,D,Fiorentina,16.0,16.0,11.0,0,6.101278032456352,5.937419916645586,0.0101453861555608,2.4928054139025355,0.0,7.2
jan-ziolkowski,D,Roma,13.0,13.0,9.0,0,6.186765453987476,6.044439614099017,0.8308360992518675,1.3682934923470054,0.0,5.8
niels-nkounkou,D,Torino,16.0,16.0,12.0,0,6.077891182419774,5.993379204486147,0.9302837047314336,0.8381630115232553,0.0,4.8
frederik-sorensen,D,Ternana,28.0,28.0,27.0,1,5.558493079593411,5.525409089305319,1.604414174209527,0.0,0.0,4.7
tomas-esteves,D,Pisa,26.0,26.0,18.0,0,6.228854665672839,6.0890446097963125,0.8348749391673204,3.065899244082173,0.0,4.3
juan-rodriguez,D,Defensa y Just,18.0,18.0,17.0,0,6.224111794571561,6.194335453949142,0.003828621928903,0.5089137863356729,0.0,3.6
raul-albiol,D,Pisa,29.0,29.0,28.0,1,5.9629819646780025,5.923330964829087,0.9096719486392836,0.6572119949092257,0.0,2.9
marco-sala,D,Como,22.0,22.0,20.0,1,5.879968682702203,5.800611093133727,0.0135875272417625,1.657262121304054,0.0,1.5
diego-carlos,D,Como,24.0,24.0,24.0,1,5.9229708277940905,5.910758017276383,0.2514027169031794,0.1729645372044275,0.0,1.4
armel-bella-kotchap,D,Hellas Verona,15.0,15.0,9.0,0,5.854019050450965,5.835275906352556,0.3446242410410074,0.11943890975972,0.0,1.3
soumaila-coulibaly,D,Brest,13.0,13.0,11.0,0,5.800947215855377,5.769243009533328,0.0062894955120492,0.3900008202552545,0.0,1.0
david-odogu,D,Milan,5.0,5.0,3.0,0,5.961910398546501,5.945634189133428,0.1179229609696136,0.0290276128601804,0.0,1.0
nicholas-bonfanti,D,Pisa,20.0,20.0,12.0,0,5.833175886969316,5.77827443862766,1.124911077846314,0.4811088526561323,0.0,1.0
mikayil-ngor-faye,D,Cremonese,4.0,4.0,3.0,0,5.788367952209161,5.77388680052094,0.0787579877575471,0.0230458586199853,0.0,1.0
sascha-britschgi,D,Parma,14.0,14.0,10.0,0,5.832613810112261,5.827992889586917,0.0672030367362791,0.0342688167297199,0.0,1.0
mariano-troilo,D,Parma,11.0,11.0,11.0,0,6.0,6.0,0.0235430762350484,0.002481699625366,0.0,1.0
nikola-cavlina,P,Como,9.0,9.0,8.0,0,5.163880507571628,6.125161639919413,1.160523298613576e-05,0.000335347771481,2.503741726400627,1.2
